{
  "videos": [
    {
      "embedUrl": "<iframe src=\"https://www.pornhub.com/embed/c3dbc9a5d726288d8a4b\" frameborder=\"0\" height=\"481\" width=\"608\" scrolling=\"no\"></iframe>",
      "title": "Gen Padova - Cum Bot Brunette Petite Girl Orgasms",
      "duration": 185,
      "viewCount": 2339242,
      "likes": 2986,
      "dislikes": 415,
      "primaryThumbnail": "https://ei.phncdn.com/videos/200712/10/65404/original/(m=eaf8GgaaaWavb)(mh=VLBsRAsYYSS6491_)5.jpg",
      "thumbnailSequence": [
        "https://ei.phncdn.com/videos/200712/10/65404/original/(m=eaf8GgaaaWavb)(mh=VLBsRAsYYSS6491_)1.jpg",
        "https://ei.phncdn.com/videos/200712/10/65404/original/(m=eaf8GgaaaWavb)(mh=VLBsRAsYYSS6491_)2.jpg",
        "https://ei.phncdn.com/videos/200712/10/65404/original/(m=eaf8GgaaaWavb)(mh=VLBsRAsYYSS6491_)3.jpg",
        "https://ei.phncdn.com/videos/200712/10/65404/original/(m=eaf8GgaaaWavb)(mh=VLBsRAsYYSS6491_)4.jpg",
        "https://ei.phncdn.com/videos/200712/10/65404/original/(m=eaf8GgaaaWavb)(mh=VLBsRAsYYSS6491_)5.jpg",
        "https://ei.phncdn.com/videos/200712/10/65404/original/(m=eaf8GgaaaWavb)(mh=VLBsRAsYYSS6491_)6.jpg",
        "https://ei.phncdn.com/videos/200712/10/65404/original/(m=eaf8GgaaaWavb)(mh=VLBsRAsYYSS6491_)7.jpg",
        "https://ei.phncdn.com/videos/200712/10/65404/original/(m=eaf8GgaaaWavb)(mh=VLBsRAsYYSS6491_)8.jpg",
        "https://ei.phncdn.com/videos/200712/10/65404/original/(m=eaf8GgaaaWavb)(mh=VLBsRAsYYSS6491_)9.jpg",
        "https://ei.phncdn.com/videos/200712/10/65404/original/(m=eaf8GgaaaWavb)(mh=VLBsRAsYYSS6491_)10.jpg",
        "https://ei.phncdn.com/videos/200712/10/65404/original/(m=eaf8GgaaaWavb)(mh=VLBsRAsYYSS6491_)11.jpg",
        "https://ei.phncdn.com/videos/200712/10/65404/original/(m=eaf8GgaaaWavb)(mh=VLBsRAsYYSS6491_)12.jpg",
        "https://ei.phncdn.com/videos/200712/10/65404/original/(m=eaf8GgaaaWavb)(mh=VLBsRAsYYSS6491_)13.jpg",
        "https://ei.phncdn.com/videos/200712/10/65404/original/(m=eaf8GgaaaWavb)(mh=VLBsRAsYYSS6491_)14.jpg",
        "https://ei.phncdn.com/videos/200712/10/65404/original/(m=eaf8GgaaaWavb)(mh=VLBsRAsYYSS6491_)15.jpg",
        "https://ei.phncdn.com/videos/200712/10/65404/original/(m=eaf8GgaaaWavb)(mh=VLBsRAsYYSS6491_)16.jpg"
      ],
      "tags": [
        "cumbots.com",
        "machine",
        "toys",
        "brunette",
        "teen",
        "orgasm",
        "natural-tits"
      ],
      "categories": [
        "Brunette",
        "Toys",
        "Pornstar",
        "18-25",
        "Exclusive",
        "Verified Models",
        "Solo Female"
      ],
      "performers": [
        "Gen Padova"
      ],
      "source": "cumbots.com",
      "uploadedDate": "2007-12-10",
      "videoId": "c3dbc9a5d726288d8a4b"
    },
    {
      "embedUrl": "<iframe src=\"https://www.pornhub.com/embed/f943adac0381c880e0ad\" frameborder=\"0\" height=\"481\" width=\"608\" scrolling=\"no\"></iframe>",
      "title": "Czech whore sucks a dick off and gets titfucked!",
      "duration": 1198,
      "viewCount": 2426283,
      "likes": 928,
      "dislikes": 310,
      "primaryThumbnail": "https://ei.phncdn.com/videos/200802/09/76478/original/(m=eaf8GgaaaWavb)(mh=A_rM8VjTRqhkzV12)5.jpg",
      "thumbnailSequence": [
        "https://ei.phncdn.com/videos/200802/09/76478/original/(m=eaf8GgaaaWavb)(mh=A_rM8VjTRqhkzV12)1.jpg",
        "https://ei.phncdn.com/videos/200802/09/76478/original/(m=eaf8GgaaaWavb)(mh=A_rM8VjTRqhkzV12)2.jpg",
        "https://ei.phncdn.com/videos/200802/09/76478/original/(m=eaf8GgaaaWavb)(mh=A_rM8VjTRqhkzV12)3.jpg",
        "https://ei.phncdn.com/videos/200802/09/76478/original/(m=eaf8GgaaaWavb)(mh=A_rM8VjTRqhkzV12)4.jpg",
        "https://ei.phncdn.com/videos/200802/09/76478/original/(m=eaf8GgaaaWavb)(mh=A_rM8VjTRqhkzV12)5.jpg",
        "https://ei.phncdn.com/videos/200802/09/76478/original/(m=eaf8GgaaaWavb)(mh=A_rM8VjTRqhkzV12)6.jpg",
        "https://ei.phncdn.com/videos/200802/09/76478/original/(m=eaf8GgaaaWavb)(mh=A_rM8VjTRqhkzV12)7.jpg",
        "https://ei.phncdn.com/videos/200802/09/76478/original/(m=eaf8GgaaaWavb)(mh=A_rM8VjTRqhkzV12)8.jpg",
        "https://ei.phncdn.com/videos/200802/09/76478/original/(m=eaf8GgaaaWavb)(mh=A_rM8VjTRqhkzV12)9.jpg",
        "https://ei.phncdn.com/videos/200802/09/76478/original/(m=eaf8GgaaaWavb)(mh=A_rM8VjTRqhkzV12)10.jpg",
        "https://ei.phncdn.com/videos/200802/09/76478/original/(m=eaf8GgaaaWavb)(mh=A_rM8VjTRqhkzV12)11.jpg",
        "https://ei.phncdn.com/videos/200802/09/76478/original/(m=eaf8GgaaaWavb)(mh=A_rM8VjTRqhkzV12)12.jpg",
        "https://ei.phncdn.com/videos/200802/09/76478/original/(m=eaf8GgaaaWavb)(mh=A_rM8VjTRqhkzV12)13.jpg",
        "https://ei.phncdn.com/videos/200802/09/76478/original/(m=eaf8GgaaaWavb)(mh=A_rM8VjTRqhkzV12)14.jpg",
        "https://ei.phncdn.com/videos/200802/09/76478/original/(m=eaf8GgaaaWavb)(mh=A_rM8VjTRqhkzV12)15.jpg",
        "https://ei.phncdn.com/videos/200802/09/76478/original/(m=eaf8GgaaaWavb)(mh=A_rM8VjTRqhkzV12)16.jpg"
      ],
      "tags": [
        "brazzers.com",
        "big-tits",
        "tittyfuck",
        "pov",
        "blowjob",
        "handjob",
        "cumshot",
        "milf",
        "czech"
      ],
      "categories": [
        "Big Tits",
        "Blowjob",
        "MILF",
        "Pornstar",
        "POV"
      ],
      "performers": [
        "Mandy May"
      ],
      "source": "brazzers.com",
      "uploadedDate": "2008-02-09",
      "videoId": "f943adac0381c880e0ad"
    }
  ],
  "metadata": {
    "totalCount": 2,
    "sources": [
      "brazzers.com",
      "cumbots.com"
    ],
    "categories": [
      "18-25",
      "Big Tits",
      "Blowjob",
      "Brunette",
      "Exclusive",
      "MILF",
      "POV",
      "Pornstar",
      "Solo Female",
      "Toys",
      "Verified Models"
    ],
    "performers": [
      "Gen Padova",
      "Mandy May"
    ],
    "processedAt": "2025-10-02T16:53:01.000Z",
    "dataVersion": "1.0.0",
    "exportedAt": "2025-10-02T16:53:01.000Z",
    "exportVersion": "1.0.0"
  }
}